{
    "partial times": {
        "basic": "82.9505234",
        "temperature pressure": "6329.08057",
        "kinetic": "364.982269",
        "stress": "0",
        "generation": "3911.60181",
        "darcy": "8879.02539",
        "flowpath": "0",
        "ip": "0",
        "darcy_hybrid": "0",
        "darcy_combined": "0",
        "flowpath_hybrid": "0",
        "ip_combined": "0",
        "diffusion": "0",
        "petro_charge_final": "1370",
        "final migration": "0",
        "breakThroughFaultInj": "904"
    },
    "times coefficients count": {
        "basic": "5",
        "temperature pressure": "5",
        "kinetic": "5",
        "generation": "5",
        "darcy": "5",
        "flowpath_hybrid": "0",
        "ip_combined": "0"
    },
    "times coefficients": {
        "basic": "0.0012804002",
        "temperature pressure": "0.00310882297",
        "kinetic": "0.00879689772",
        "generation": "0.00151357788",
        "darcy": "0.0034727098",
        "flowpath_hybrid": "0",
        "ip_combined": "0"
    },
    "switches": {
        "temperature pressure": "true",
        "stress": "false",
        "generation": "true",
        "darcy": "true",
        "flowpath": "false",
        "ip": "false",
        "hybrid": "false",
        "combined": "false",
        "diffusion": "false",
        "Risking": "false"
    },
    "parameters": {
        "dimension": "3",
        "optimization runs": "4",
        "input cells": "4829138",
        "y cells": "278",
        "AOI cells": "166522",
        "time steps": "29",
        "events": "30",
        "min migration steps": "50",
        "fluid components": "0",
        "stress time steps": "0",
        "cpu cores": "2",
        "temperature pressure calculation": "0",
        "darcy resolution": "1",
        "simulator sampling": [
            "4",
            "4"
        ],
        "ip refinement": [
            "1",
            "1",
            "1"
        ]
    }
}
