{
    "partial times": {
        "basic": "70.2639694",
        "temperature pressure": "4928.4624",
        "kinetic": "286.911224",
        "stress": "0",
        "generation": "3440.18384",
        "darcy": "10320.5508",
        "flowpath": "0",
        "ip": "0",
        "darcy_hybrid": "0",
        "darcy_combined": "0",
        "flowpath_hybrid": "0",
        "ip_combined": "0",
        "diffusion": "0",
        "petro_charge_final": "1083",
        "final migration": "0",
        "breakThroughFaultInj": "14"
    },
    "times coefficients count": {
        "basic": "3",
        "temperature pressure": "3",
        "kinetic": "3",
        "generation": "3",
        "darcy": "3",
        "flowpath_hybrid": "0",
        "ip_combined": "0"
    },
    "times coefficients": {
        "basic": "0.000494700042",
        "temperature pressure": "0.00111520756",
        "kinetic": "0.00338942558",
        "generation": "0.000586487236",
        "darcy": "0.0016687985",
        "flowpath_hybrid": "0",
        "ip_combined": "0"
    },
    "switches": {
        "temperature pressure": "true",
        "stress": "false",
        "generation": "true",
        "darcy": "true",
        "flowpath": "false",
        "ip": "false",
        "hybrid": "false",
        "combined": "false",
        "diffusion": "false",
        "Risking": "false"
    },
    "parameters": {
        "dimension": "3",
        "optimization runs": "4",
        "input cells": "4829138",
        "y cells": "278",
        "AOI cells": "166522",
        "time steps": "29",
        "events": "30",
        "min migration steps": "50",
        "fluid components": "0",
        "stress time steps": "0",
        "cpu cores": "2",
        "temperature pressure calculation": "0",
        "darcy resolution": "1",
        "simulator sampling": [
            "4",
            "4"
        ],
        "ip refinement": [
            "1",
            "1",
            "1"
        ]
    }
}
