{
    "partial times": {
        "basic": "58.5533066",
        "temperature pressure": "4618.72852",
        "kinetic": "220.550781",
        "stress": "0",
        "generation": "2699.94043",
        "darcy": "6184.92822",
        "flowpath": "0",
        "ip": "0",
        "darcy_hybrid": "0",
        "darcy_combined": "0",
        "flowpath_hybrid": "0",
        "ip_combined": "0",
        "diffusion": "0",
        "petro_charge_final": "838",
        "final migration": "0",
        "breakThroughFaultInj": "15324"
    },
    "times coefficients count": {
        "basic": "4",
        "temperature pressure": "4",
        "kinetic": "4",
        "generation": "4",
        "darcy": "4",
        "flowpath_hybrid": "0",
        "ip_combined": "0"
    },
    "times coefficients": {
        "basic": "0.00101203355",
        "temperature pressure": "0.00237571402",
        "kinetic": "0.00597609254",
        "generation": "0.00106820045",
        "darcy": "0.00248705852",
        "flowpath_hybrid": "0",
        "ip_combined": "0"
    },
    "switches": {
        "temperature pressure": "true",
        "stress": "false",
        "generation": "true",
        "darcy": "true",
        "flowpath": "false",
        "ip": "false",
        "hybrid": "false",
        "combined": "false",
        "diffusion": "false",
        "Risking": "false"
    },
    "parameters": {
        "dimension": "3",
        "optimization runs": "4",
        "input cells": "4829138",
        "y cells": "278",
        "AOI cells": "166522",
        "time steps": "29",
        "events": "30",
        "min migration steps": "50",
        "fluid components": "0",
        "stress time steps": "0",
        "cpu cores": "2",
        "temperature pressure calculation": "0",
        "darcy resolution": "1",
        "simulator sampling": [
            "4",
            "4"
        ],
        "ip refinement": [
            "1",
            "1",
            "1"
        ]
    }
}
