{
    "partial times": {
        "basic": "97.5888443",
        "temperature pressure": "5025.86328",
        "kinetic": "296.670074",
        "stress": "0",
        "generation": "2984.34961",
        "darcy": "7562.16992",
        "flowpath": "0",
        "ip": "0",
        "darcy_hybrid": "0",
        "darcy_combined": "0",
        "flowpath_hybrid": "0",
        "ip_combined": "0",
        "diffusion": "0",
        "petro_charge_final": "1315",
        "final migration": "0",
        "breakThroughFaultInj": "976"
    },
    "times coefficients count": {
        "basic": "1",
        "temperature pressure": "1",
        "kinetic": "1",
        "generation": "1",
        "darcy": "1",
        "flowpath_hybrid": "0",
        "ip_combined": "0"
    },
    "times coefficients": {
        "basic": "0.00032333337",
        "temperature pressure": "0.000568848511",
        "kinetic": "0.00169471279",
        "generation": "0.000270225079",
        "darcy": "0.000684734841",
        "flowpath_hybrid": "0",
        "ip_combined": "0"
    },
    "switches": {
        "temperature pressure": "true",
        "stress": "false",
        "generation": "true",
        "darcy": "true",
        "flowpath": "false",
        "ip": "false",
        "hybrid": "false",
        "combined": "false",
        "diffusion": "false",
        "Risking": "false"
    },
    "parameters": {
        "dimension": "3",
        "optimization runs": "4",
        "input cells": "4829138",
        "y cells": "278",
        "AOI cells": "166522",
        "time steps": "29",
        "events": "30",
        "min migration steps": "50",
        "fluid components": "0",
        "stress time steps": "0",
        "cpu cores": "2",
        "temperature pressure calculation": "0",
        "darcy resolution": "1",
        "simulator sampling": [
            "4",
            "4"
        ],
        "ip refinement": [
            "1",
            "1",
            "1"
        ]
    }
}
