{
    "partial times": {
        "basic": "244.307068",
        "temperature pressure": "22449.2891",
        "kinetic": "1084.48499",
        "stress": "0",
        "generation": "12753.2939",
        "darcy": "35581.7695",
        "flowpath": "0",
        "ip": "0",
        "darcy_hybrid": "0",
        "darcy_combined": "0",
        "flowpath_hybrid": "0",
        "ip_combined": "0",
        "diffusion": "0",
        "petro_charge_final": "4263",
        "final migration": "0",
        "breakThroughFaultInj": "2066"
    },
    "times coefficients count": {
        "basic": "1",
        "temperature pressure": "1",
        "kinetic": "1",
        "generation": "1",
        "darcy": "1",
        "flowpath_hybrid": "0",
        "ip_combined": "0"
    },
    "times coefficients": {
        "basic": "0.00020236081",
        "temperature pressure": "0.000572343182",
        "kinetic": "0.00154876651",
        "generation": "0.000260115514",
        "darcy": "0.000725723861",
        "flowpath_hybrid": "0",
        "ip_combined": "0"
    },
    "switches": {
        "temperature pressure": "true",
        "stress": "false",
        "generation": "true",
        "darcy": "true",
        "flowpath": "false",
        "ip": "false",
        "hybrid": "false",
        "combined": "false",
        "diffusion": "false",
        "Risking": "false"
    },
    "parameters": {
        "dimension": "3",
        "optimization runs": "4",
        "input cells": "4829138",
        "y cells": "278",
        "AOI cells": "166522",
        "time steps": "29",
        "events": "30",
        "min migration steps": "50",
        "fluid components": "0",
        "stress time steps": "0",
        "cpu cores": "2",
        "temperature pressure calculation": "0",
        "darcy resolution": "1",
        "simulator sampling": [
            "2",
            "2"
        ],
        "ip refinement": [
            "1",
            "1",
            "1"
        ]
    }
}
