{
    "partial times": {
        "basic": "79.0469666",
        "temperature pressure": "5434.94482",
        "kinetic": "359.126953",
        "stress": "0",
        "generation": "3999.26221",
        "darcy": "12056.2275",
        "flowpath": "0",
        "ip": "0",
        "darcy_hybrid": "0",
        "darcy_combined": "0",
        "flowpath_hybrid": "0",
        "ip_combined": "0",
        "diffusion": "0",
        "petro_charge_final": "1378",
        "final migration": "0",
        "breakThroughFaultInj": "24"
    },
    "times coefficients count": {
        "basic": "5",
        "temperature pressure": "5",
        "kinetic": "5",
        "generation": "5",
        "darcy": "5",
        "flowpath_hybrid": "0",
        "ip_combined": "0"
    },
    "times coefficients": {
        "basic": "0.00117046677",
        "temperature pressure": "0.0026751312",
        "kinetic": "0.0080721844",
        "generation": "0.00137670152",
        "darcy": "0.00341309095",
        "flowpath_hybrid": "0",
        "ip_combined": "0"
    },
    "switches": {
        "temperature pressure": "true",
        "stress": "false",
        "generation": "true",
        "darcy": "true",
        "flowpath": "false",
        "ip": "false",
        "hybrid": "false",
        "combined": "false",
        "diffusion": "false",
        "Risking": "false"
    },
    "parameters": {
        "dimension": "3",
        "optimization runs": "4",
        "input cells": "4829138",
        "y cells": "278",
        "AOI cells": "166522",
        "time steps": "29",
        "events": "30",
        "min migration steps": "50",
        "fluid components": "0",
        "stress time steps": "0",
        "cpu cores": "2",
        "temperature pressure calculation": "0",
        "darcy resolution": "1",
        "simulator sampling": [
            "4",
            "4"
        ],
        "ip refinement": [
            "1",
            "1",
            "1"
        ]
    }
}
