{
    "partial times": {
        "basic": "40.011425",
        "temperature pressure": "3730.43677",
        "kinetic": "181.515259",
        "stress": "0",
        "generation": "2107.74561",
        "darcy": "4889.50195",
        "flowpath": "0",
        "ip": "0",
        "darcy_hybrid": "0",
        "darcy_combined": "0",
        "flowpath_hybrid": "0",
        "ip_combined": "0",
        "diffusion": "0",
        "petro_charge_final": "688",
        "final migration": "0",
        "breakThroughFaultInj": "894"
    },
    "times coefficients count": {
        "basic": "2",
        "temperature pressure": "2",
        "kinetic": "2",
        "generation": "2",
        "darcy": "2",
        "flowpath_hybrid": "0",
        "ip_combined": "0"
    },
    "times coefficients": {
        "basic": "0.00032333337",
        "temperature pressure": "0.000849745004",
        "kinetic": "0.00202919589",
        "generation": "0.000383112812",
        "darcy": "0.000888991053",
        "flowpath_hybrid": "0",
        "ip_combined": "0"
    },
    "switches": {
        "temperature pressure": "true",
        "stress": "false",
        "generation": "true",
        "darcy": "true",
        "flowpath": "false",
        "ip": "false",
        "hybrid": "false",
        "combined": "false",
        "diffusion": "false",
        "Risking": "false"
    },
    "parameters": {
        "dimension": "3",
        "optimization runs": "4",
        "input cells": "4829138",
        "y cells": "278",
        "AOI cells": "166522",
        "time steps": "29",
        "events": "30",
        "min migration steps": "50",
        "fluid components": "0",
        "stress time steps": "0",
        "cpu cores": "2",
        "temperature pressure calculation": "0",
        "darcy resolution": "1",
        "simulator sampling": [
            "4",
            "4"
        ],
        "ip refinement": [
            "1",
            "1",
            "1"
        ]
    }
}
