{
    "partial times": {
        "basic": "89.7817307",
        "temperature pressure": "6175.18799",
        "kinetic": "407.921326",
        "stress": "0",
        "generation": "4102.50635",
        "darcy": "12330.8965",
        "flowpath": "0",
        "ip": "0",
        "darcy_hybrid": "0",
        "darcy_combined": "0",
        "flowpath_hybrid": "0",
        "ip_combined": "0",
        "diffusion": "0",
        "petro_charge_final": "1348",
        "final migration": "0",
        "breakThroughFaultInj": "14"
    },
    "times coefficients count": {
        "basic": "1",
        "temperature pressure": "1",
        "kinetic": "1",
        "generation": "1",
        "darcy": "1",
        "flowpath_hybrid": "0",
        "ip_combined": "0"
    },
    "times coefficients": {
        "basic": "0.0002974667",
        "temperature pressure": "0.00069893396",
        "kinetic": "0.00233023008",
        "generation": "0.00037147128",
        "darcy": "0.0011165305",
        "flowpath_hybrid": "0",
        "ip_combined": "0"
    },
    "switches": {
        "temperature pressure": "true",
        "stress": "false",
        "generation": "true",
        "darcy": "true",
        "flowpath": "false",
        "ip": "false",
        "hybrid": "false",
        "combined": "false",
        "diffusion": "false",
        "Risking": "false"
    },
    "parameters": {
        "dimension": "3",
        "optimization runs": "4",
        "input cells": "4829138",
        "y cells": "278",
        "AOI cells": "166522",
        "time steps": "29",
        "events": "30",
        "min migration steps": "50",
        "fluid components": "0",
        "stress time steps": "0",
        "cpu cores": "2",
        "temperature pressure calculation": "0",
        "darcy resolution": "1",
        "simulator sampling": [
            "4",
            "4"
        ],
        "ip refinement": [
            "1",
            "1",
            "1"
        ]
    }
}
