{
    "partial times": {
        "basic": "100.51651",
        "temperature pressure": "4780.41357",
        "kinetic": "283.007629",
        "stress": "0",
        "generation": "3336.93896",
        "darcy": "10209.5127",
        "flowpath": "0",
        "ip": "0",
        "darcy_hybrid": "0",
        "darcy_combined": "79.3860474",
        "flowpath_hybrid": "0",
        "ip_combined": "28.5475178",
        "diffusion": "0",
        "petro_charge_final": "1063",
        "final migration": "0",
        "breakThroughFaultInj": "18"
    },
    "times coefficients count": {
        "basic": "3",
        "temperature pressure": "3",
        "kinetic": "3",
        "generation": "3",
        "darcy": "3",
        "flowpath_hybrid": "0",
        "ip_combined": "0"
    },
    "times coefficients": {
        "basic": "0.000481766736",
        "temperature pressure": "0.00090177916",
        "kinetic": "0.00267586228",
        "generation": "0.000502350507",
        "darcy": "0.00153051096",
        "flowpath_hybrid": "0",
        "ip_combined": "0"
    },
    "switches": {
        "temperature pressure": "true",
        "stress": "false",
        "generation": "true",
        "darcy": "true",
        "flowpath": "false",
        "ip": "false",
        "hybrid": "false",
        "combined": "false",
        "diffusion": "false",
        "Risking": "false"
    },
    "parameters": {
        "dimension": "3",
        "optimization runs": "4",
        "input cells": "4829138",
        "y cells": "278",
        "AOI cells": "166522",
        "time steps": "29",
        "events": "30",
        "min migration steps": "50",
        "fluid components": "0",
        "stress time steps": "0",
        "cpu cores": "2",
        "temperature pressure calculation": "0",
        "darcy resolution": "1",
        "simulator sampling": [
            "4",
            "4"
        ],
        "ip refinement": [
            "1",
            "1",
            "1"
        ]
    }
}
