{
    "partial times": {
        "basic": "313.825348",
        "temperature pressure": "29431.4375",
        "kinetic": "1442.00745",
        "stress": "0",
        "generation": "13674.4521",
        "darcy": "27944.4844",
        "flowpath": "0",
        "ip": "0",
        "darcy_hybrid": "0",
        "darcy_combined": "0",
        "flowpath_hybrid": "0",
        "ip_combined": "0",
        "diffusion": "0",
        "petro_charge_final": "4367",
        "final migration": "0",
        "breakThroughFaultInj": "590"
    },
    "times coefficients count": {
        "basic": "3",
        "temperature pressure": "3",
        "kinetic": "3",
        "generation": "3",
        "darcy": "3",
        "flowpath_hybrid": "0",
        "ip_combined": "0"
    },
    "times coefficients": {
        "basic": "0.000408676511",
        "temperature pressure": "0.00117081543",
        "kinetic": "0.00311854435",
        "generation": "0.000453879416",
        "darcy": "0.000893271761",
        "flowpath_hybrid": "0",
        "ip_combined": "0"
    },
    "switches": {
        "temperature pressure": "true",
        "stress": "false",
        "generation": "true",
        "darcy": "true",
        "flowpath": "false",
        "ip": "false",
        "hybrid": "false",
        "combined": "false",
        "diffusion": "false",
        "Risking": "false"
    },
    "parameters": {
        "dimension": "3",
        "optimization runs": "4",
        "input cells": "4829138",
        "y cells": "278",
        "AOI cells": "166522",
        "time steps": "29",
        "events": "30",
        "min migration steps": "50",
        "fluid components": "0",
        "stress time steps": "0",
        "cpu cores": "2",
        "temperature pressure calculation": "0",
        "darcy resolution": "1",
        "simulator sampling": [
            "2",
            "2"
        ],
        "ip refinement": [
            "1",
            "1",
            "1"
        ]
    }
}
