{
    "partial times": {
        "basic": "59.5291939",
        "temperature pressure": "3936.92603",
        "kinetic": "167.852814",
        "stress": "0",
        "generation": "2146.70557",
        "darcy": "4694.70117",
        "flowpath": "0",
        "ip": "0",
        "darcy_hybrid": "0",
        "darcy_combined": "79.3860474",
        "flowpath_hybrid": "0",
        "ip_combined": "28.5475178",
        "diffusion": "0",
        "petro_charge_final": "709",
        "final migration": "0",
        "breakThroughFaultInj": "826"
    },
    "times coefficients count": {
        "basic": "1",
        "temperature pressure": "1",
        "kinetic": "1",
        "generation": "1",
        "darcy": "1",
        "flowpath_hybrid": "0",
        "ip_combined": "0"
    },
    "times coefficients": {
        "basic": "0.000197233356",
        "temperature pressure": "0.00044559798",
        "kinetic": "0.000958850724",
        "generation": "0.00019437859",
        "darcy": "0.000425092963",
        "flowpath_hybrid": "0",
        "ip_combined": "0"
    },
    "switches": {
        "temperature pressure": "true",
        "stress": "false",
        "generation": "true",
        "darcy": "true",
        "flowpath": "false",
        "ip": "false",
        "hybrid": "false",
        "combined": "false",
        "diffusion": "false",
        "Risking": "false"
    },
    "parameters": {
        "dimension": "3",
        "optimization runs": "4",
        "input cells": "4829138",
        "y cells": "278",
        "AOI cells": "166522",
        "time steps": "29",
        "events": "30",
        "min migration steps": "50",
        "fluid components": "0",
        "stress time steps": "0",
        "cpu cores": "2",
        "temperature pressure calculation": "0",
        "darcy resolution": "1",
        "simulator sampling": [
            "4",
            "4"
        ],
        "ip refinement": [
            "1",
            "1",
            "1"
        ]
    }
}
