{
    "partial times": {
        "basic": "87.8299561",
        "temperature pressure": "4554.44482",
        "kinetic": "247.875671",
        "stress": "0",
        "generation": "2551.8916",
        "darcy": "5614.16211",
        "flowpath": "0",
        "ip": "0",
        "darcy_hybrid": "0",
        "darcy_combined": "0",
        "flowpath_hybrid": "0",
        "ip_combined": "0",
        "diffusion": "0",
        "petro_charge_final": "818",
        "final migration": "0",
        "breakThroughFaultInj": "6996"
    },
    "times coefficients count": {
        "basic": "1",
        "temperature pressure": "1",
        "kinetic": "1",
        "generation": "1",
        "darcy": "1",
        "flowpath_hybrid": "0",
        "ip_combined": "0"
    },
    "times coefficients": {
        "basic": "0.000291000033",
        "temperature pressure": "0.000515491352",
        "kinetic": "0.00141597725",
        "generation": "0.000231067126",
        "darcy": "0.000508347759",
        "flowpath_hybrid": "0",
        "ip_combined": "0"
    },
    "switches": {
        "temperature pressure": "true",
        "stress": "false",
        "generation": "true",
        "darcy": "true",
        "flowpath": "false",
        "ip": "false",
        "hybrid": "false",
        "combined": "false",
        "diffusion": "false",
        "Risking": "false"
    },
    "parameters": {
        "dimension": "3",
        "optimization runs": "4",
        "input cells": "4829138",
        "y cells": "278",
        "AOI cells": "166522",
        "time steps": "29",
        "events": "30",
        "min migration steps": "50",
        "fluid components": "0",
        "stress time steps": "0",
        "cpu cores": "2",
        "temperature pressure calculation": "0",
        "darcy resolution": "1",
        "simulator sampling": [
            "4",
            "4"
        ],
        "ip refinement": [
            "1",
            "1",
            "1"
        ]
    }
}
